<?xml version="1.0" encoding="UTF-8" ?>
<odoo>
    <data noupdate="1">
        <!-- Server Actions for product and its variant to create
        internal reference-->
        <record id="action_generate_internal_ref_pro" model="ir.actions.server">
            <field name="name">Generate Internal Reference</field>
            <field name="model_id"
                   ref="product_internal_ref_generator.model_product_product"/>
            <field name="binding_model_id" ref="product.model_product_product"/>
            <field name="binding_view_types">list,form</field>
            <field name="state">code</field>
            <field name="code">action = model.action_generate_internal_ref_pro()</field>
        </record>
        <record id="action_generate_internal_ref" model="ir.actions.server">
            <field name="name">Generate Internal Reference</field>
            <field name="model_id"
                   ref="product_internal_ref_generator.model_product_template"/>
            <field name="binding_model_id"
                   ref="product.model_product_template"/>
            <field name="binding_view_types">list,form</field>
            <field name="state">code</field>
            <field name="code">action = model.action_generate_internal_ref()</field>
        </record>
    </data>
</odoo>
