id,name,model_id:id,group_id:id,perm_read,perm_write,perm_create,perm_unlink
access_profit_product_manager,access.profit.product.manager,model_profit_product,account.group_account_manager,1,1,1,1
access_profit_product_user,access.profit.product.user,model_profit_product,account.group_account_user,1,0,0,0
access_price_history_manager,access.price.history.manager,model_price_history,account.group_account_manager,1,1,1,1
access_price_history_user,access.price.history.user,model_price_history,account.group_account_user,1,0,0,0
