<?xml version="1.0" encoding="UTF-8" ?>
<templates id="template" xml:space="preserve">
   <!-- This is used to restrict the REFUND  button if it is restricted -->
    <t t-name="Refund" t-inherit="point_of_sale.RefundButton"
       t-inherit-mode="extension" owl="1">
        <xpath expr="//div" position="replace">
            <t t-if="env.pos.user_session.includes(env.pos.pos_session.id) and env.pos.button.includes('Refund')">
                <t t-esc=""/>
            </t>
            <t t-else="">
                <div class="control-button">
                    <i class="fa fa-undo" role="img" aria-label="Refund"
                       title="Refund"/>
                    Refund
                </div>
            </t>
        </xpath>
    </t>
</templates>
