<?xml version="1.0" encoding="UTF-8" ?>
<templates xml:space="preserve">
    <!-- Adds selection field to change UoM in order line -->
    <t t-name="Orderline" t-inherit="point_of_sale.Orderline"
       t-inherit-mode="extension" owl="1">
        <xpath expr="//li[hasclass('orderline')]" position="inside">
            <t t-if="props.line.product.pos_multi_uom_ids.length != 0">
                <select style="width:32%;height:25px;border-radius:5px;border:1px solid transparent;margin-top: 5px;
                    margin-bottom: 5px;margin-left: 10px; background: rgb(95 115 116 / 20%);" id="select_uom" class="select_uom">
                    <option value="change_uom" id="change_uom" selected="selected" disabled="disabled">Change UoM</option>
                    <t t-foreach="getUom()" t-as="item" t-key="item.id">
                        <option id="select_uom" class="select_uom"
                                t-att-value="[item.price,item.uom_id[0],item.uom_id[1]]">
                            <div><span>
                                <t t-esc="this.props.line.product.pos.currency.symbol"/>
                                <t t-esc="item.price"/> per
                                <t t-esc="item.uom_id[1]"/></span></div>
                        </option>
                    </t>
                </select>
                <button id="reset_uom" style="margin-top: 5px; background:transparent;border:transparent;
                    margin-bottom: 5px;"><i class="fa fa-rotate-left"/></button>
            </t>
        </xpath>
    </t>
</templates>
